<?xml version="1.0" encoding="UTF-8" standalone="yes"?>
<addon id="script.module.infotagger" name="InfoTagger" provider-name="jurialmunkey" version="0.0.3">
  <extension point="xbmc.python.module" library="resources/modules" />
  <extension point="xbmc.addon.metadata">
    <description lang="en">Python wrapper for setInfo on Nexus InfoTags</description>
    <reuselanguageinvoker>false</reuselanguageinvoker>
    <license></license>
    <language></language>
    <website></website>
    <assets>
      <icon>icon.png</icon>
    </assets>
  </extension>
</addon>
